{
    "generated_at": "2026-06-14 13:27:41",
    "models": {
        "ElasticNet": {
            "total_return": 0.2646653942071995,
            "annual_return": 0.24301802507549186,
            "max_drawdown": -0.12659114727286863,
            "sharpe_ratio": 1.3674023349970899,
            "trade_statistics": {
                "win_rate_pct": 85.37234042553192,
                "total_closed_trades": 376
            }
        },
        "XGBoost": {
            "total_return": 0.4150515401244024,
            "annual_return": 0.3793867910810469,
            "max_drawdown": -0.22146101258568246,
            "sharpe_ratio": 1.5799899664835841,
            "trade_statistics": {
                "win_rate_pct": 55.42452830188679,
                "total_closed_trades": 1272
            }
        },
        "LightGBM": {
            "total_return": 0.5503688151304009,
            "annual_return": 0.5011788909139763,
            "max_drawdown": -0.2153431759975448,
            "sharpe_ratio": 1.948509963162863,
            "trade_statistics": {
                "win_rate_pct": 57.33761026463512,
                "total_closed_trades": 1247
            }
        },
        "OptSharpe": {
            "total_return": -0.05886087380480043,
            "annual_return": -0.054653441978896544,
            "max_drawdown": -0.29868507429623575,
            "sharpe_ratio": -0.16907417302105474,
            "trade_statistics": {
                "win_rate_pct": 50.3683241252302,
                "total_closed_trades": 1086
            }
        },
        "BuyAndHoldAll": {
            "total_return": 0.12605479851090817,
            "annual_return": 0.11626776609241984,
            "max_drawdown": -0.041757220116609844,
            "sharpe_ratio": 2.1594403691004604,
            "trade_statistics": {
                "win_rate_pct": 0.0,
                "total_closed_trades": 0
            }
        }
    }
}