{
    "Breadth_global": 0.001071888254955411,
    "AROON_DOWN_25_MKT_Z": 0.000667265965603292,
    "STC_10_23_50_MKT_Z": 0.0006273043691180646,
    "FORCE_LOG_TANH_MKT_Z": 0.0005734653677791357,
    "SMR_12_MKT_Z": 0.00038579924148507416,
    "PSY_12_MKT_Z": 0.0003705922863446176,
    "BORROW_CENTRAL_BANK_IND_Z": 0.000299525709124282,
    "DAYS_SINCE_LAST_DOWN_FRACTAL_MKT_Z": 0.00028729639598168433,
    "DAYS_SINCE_LAST_UP_FRACTAL_MKT_Z": 0.00023692732793278992,
    "PV_LIMIT_RET_FROM_PRECLOSE_MKT_Z": 0.00022588307911064476,
    "LOANS_OTH_BANKS_IND_Z": 0.00019372301176190376,
    "PRODUCTIVE_BIO_ASSETS_IND_Z": 0.00016102485824376345,
    "PV_CAPITAL_LOG_MKT_Z": 0.0001490888389525935,
    "TURNOVER_SHARE_OF_MARKET_MKT_Z": 0.00014704813656862825,
    "CRSI_STREAK_RSI2_MKT_Z": 0.00014241249300539494,
    "BOTTOM_BUILD_D_10_MKT_Z": 0.00011782594810938463,
    "CR_MA_10_MKT_Z": 0.00011704850476235151,
    "VHF_28_MKT_Z": 0.00010862091585295275,
    "BOTTOM_BUILD_B_5_MKT_Z": 0.00010580388334346935,
    "IFT_RSI_14_MKT_Z": 9.175229934044182e-05
}