{
    "AROON_DOWN_25_MKT_Z": 0.0010156281632337297,
    "Breadth_global": 0.0006543327488907861,
    "SMR_12_MKT_Z": 0.0005886802376962394,
    "PSY_12_MKT_Z": 0.0005869948154046252,
    "BORROW_CENTRAL_BANK_IND_Z": 0.0005287861497470267,
    "STC_10_23_50_MKT_Z": 0.0004895450000124222,
    "FORCE_LOG_TANH_MKT_Z": 0.00048340858504285217,
    "DAYS_SINCE_LAST_UP_FRACTAL_MKT_Z": 0.00020204844295749244,
    "DAYS_SINCE_LAST_DOWN_FRACTAL_MKT_Z": 0.00019473304778266364,
    "TURNOVER_SHARE_OF_MARKET_MKT_Z": 0.00018315813418701138,
    "PRODUCTIVE_BIO_ASSETS_IND_Z": 0.00015530133565679874,
    "Breadth_industry": 0.0001550554375424663,
    "CR_MA_10_MKT_Z": 0.0001528212516500217,
    "LOANS_OTH_BANKS_IND_Z": 0.00013848883931274653,
    "VHF_28_MKT_Z": 0.00013837134685490288,
    "CRSI_STREAK_RSI2_MKT_Z": 0.00013654027771519583,
    "PV_CAPITAL_LOG_MKT_Z": 0.00012897440400418643,
    "LESS_BEG_BAL_CASH_EQU_IND_Z": 0.00011668369897757961,
    "BS_DAYS_SINCE_UPDATE_MKT_Z": 9.575802071954088e-05,
    "IFT_RSI_14_MKT_Z": 9.13011244243328e-05
}